image,label
real/real_0_0.jpg,real
real/real_0_1.jpg,real
real/real_0_2.jpg,real
real/real_0_3.jpg,real
real/real_0_4.jpg,real
fake/fake_0_0.jpg,fake
fake/fake_0_1.jpg,fake
fake/fake_0_2.jpg,fake
fake/fake_0_3.jpg,fake
fake/fake_0_4.jpg,fake
real/real_1_0.jpg,real
real/real_1_1.jpg,real
real/real_1_2.jpg,real
real/real_1_3.jpg,real
real/real_1_4.jpg,real
fake/fake_1_0.jpg,fake
fake/fake_1_1.jpg,fake
fake/fake_1_2.jpg,fake
fake/fake_1_3.jpg,fake
fake/fake_1_4.jpg,fake
real/real_2_0.jpg,real
real/real_2_1.jpg,real
real/real_2_2.jpg,real
real/real_2_3.jpg,real
real/real_2_4.jpg,real
fake/fake_2_0.jpg,fake
fake/fake_2_1.jpg,fake
fake/fake_2_2.jpg,fake
fake/fake_2_3.jpg,fake
fake/fake_2_4.jpg,fake
real/real_3_0.jpg,real
real/real_3_1.jpg,real
real/real_3_2.jpg,real
real/real_3_3.jpg,real
real/real_3_4.jpg,real
fake/fake_3_0.jpg,fake
fake/fake_3_1.jpg,fake
fake/fake_3_2.jpg,fake
fake/fake_3_3.jpg,fake
fake/fake_3_4.jpg,fake
real/real_4_0.jpg,real
real/real_4_1.jpg,real
real/real_4_2.jpg,real
real/real_4_3.jpg,real
real/real_4_4.jpg,real
fake/fake_4_0.jpg,fake
fake/fake_4_1.jpg,fake
fake/fake_4_2.jpg,fake
fake/fake_4_3.jpg,fake
fake/fake_4_4.jpg,fake
real/real_5_0.jpg,real
real/real_5_1.jpg,real
real/real_5_2.jpg,real
real/real_5_3.jpg,real
real/real_5_4.jpg,real
fake/fake_5_0.jpg,fake
fake/fake_5_1.jpg,fake
fake/fake_5_2.jpg,fake
fake/fake_5_3.jpg,fake
fake/fake_5_4.jpg,fake
real/real_6_0.jpg,real
real/real_6_1.jpg,real
real/real_6_2.jpg,real
real/real_6_3.jpg,real
real/real_6_4.jpg,real
fake/fake_6_0.jpg,fake
fake/fake_6_1.jpg,fake
fake/fake_6_2.jpg,fake
fake/fake_6_3.jpg,fake
fake/fake_6_4.jpg,fake
real/real_7_0.jpg,real
real/real_7_1.jpg,real
real/real_7_2.jpg,real
real/real_7_3.jpg,real
real/real_7_4.jpg,real
fake/fake_7_0.jpg,fake
fake/fake_7_1.jpg,fake
fake/fake_7_2.jpg,fake
fake/fake_7_3.jpg,fake
fake/fake_7_4.jpg,fake
real/real_8_0.jpg,real
real/real_8_1.jpg,real
real/real_8_2.jpg,real
real/real_8_3.jpg,real
real/real_8_4.jpg,real
fake/fake_8_0.jpg,fake
fake/fake_8_1.jpg,fake
fake/fake_8_2.jpg,fake
fake/fake_8_3.jpg,fake
fake/fake_8_4.jpg,fake
real/real_9_0.jpg,real
real/real_9_1.jpg,real
real/real_9_2.jpg,real
real/real_9_3.jpg,real
real/real_9_4.jpg,real
fake/fake_9_0.jpg,fake
fake/fake_9_1.jpg,fake
fake/fake_9_2.jpg,fake
fake/fake_9_3.jpg,fake
fake/fake_9_4.jpg,fake
real/real_10_0.jpg,real
real/real_10_1.jpg,real
real/real_10_2.jpg,real
real/real_10_3.jpg,real
real/real_10_4.jpg,real
fake/fake_10_0.jpg,fake
fake/fake_10_1.jpg,fake
fake/fake_10_2.jpg,fake
fake/fake_10_3.jpg,fake
fake/fake_10_4.jpg,fake
real/real_11_0.jpg,real
real/real_11_1.jpg,real
real/real_11_2.jpg,real
real/real_11_3.jpg,real
real/real_11_4.jpg,real
fake/fake_11_0.jpg,fake
fake/fake_11_1.jpg,fake
fake/fake_11_2.jpg,fake
fake/fake_11_3.jpg,fake
fake/fake_11_4.jpg,fake
real/real_12_0.jpg,real
real/real_12_1.jpg,real
real/real_12_2.jpg,real
real/real_12_3.jpg,real
real/real_12_4.jpg,real
fake/fake_12_0.jpg,fake
fake/fake_12_1.jpg,fake
fake/fake_12_2.jpg,fake
fake/fake_12_3.jpg,fake
fake/fake_12_4.jpg,fake
real/real_13_0.jpg,real
real/real_13_1.jpg,real
real/real_13_2.jpg,real
real/real_13_3.jpg,real
real/real_13_4.jpg,real
fake/fake_13_0.jpg,fake
fake/fake_13_1.jpg,fake
fake/fake_13_2.jpg,fake
fake/fake_13_3.jpg,fake
fake/fake_13_4.jpg,fake
real/real_14_0.jpg,real
real/real_14_1.jpg,real
real/real_14_2.jpg,real
real/real_14_3.jpg,real
real/real_14_4.jpg,real
fake/fake_14_0.jpg,fake
fake/fake_14_1.jpg,fake
fake/fake_14_2.jpg,fake
fake/fake_14_3.jpg,fake
fake/fake_14_4.jpg,fake
real/real_15_0.jpg,real
real/real_15_1.jpg,real
real/real_15_2.jpg,real
real/real_15_3.jpg,real
real/real_15_4.jpg,real
fake/fake_15_0.jpg,fake
fake/fake_15_1.jpg,fake
fake/fake_15_2.jpg,fake
fake/fake_15_3.jpg,fake
fake/fake_15_4.jpg,fake
real/real_16_0.jpg,real
real/real_16_1.jpg,real
real/real_16_2.jpg,real
real/real_16_3.jpg,real
real/real_16_4.jpg,real
fake/fake_16_0.jpg,fake
fake/fake_16_1.jpg,fake
fake/fake_16_2.jpg,fake
fake/fake_16_3.jpg,fake
fake/fake_16_4.jpg,fake
real/real_17_0.jpg,real
real/real_17_1.jpg,real
real/real_17_2.jpg,real
real/real_17_3.jpg,real
real/real_17_4.jpg,real
fake/fake_17_0.jpg,fake
fake/fake_17_1.jpg,fake
fake/fake_17_2.jpg,fake
fake/fake_17_3.jpg,fake
fake/fake_17_4.jpg,fake
real/real_18_0.jpg,real
real/real_18_1.jpg,real
real/real_18_2.jpg,real
real/real_18_3.jpg,real
real/real_18_4.jpg,real
fake/fake_18_0.jpg,fake
fake/fake_18_1.jpg,fake
fake/fake_18_2.jpg,fake
fake/fake_18_3.jpg,fake
fake/fake_18_4.jpg,fake
real/real_19_0.jpg,real
real/real_19_1.jpg,real
real/real_19_2.jpg,real
real/real_19_3.jpg,real
real/real_19_4.jpg,real
fake/fake_19_0.jpg,fake
fake/fake_19_1.jpg,fake
fake/fake_19_2.jpg,fake
fake/fake_19_3.jpg,fake
fake/fake_19_4.jpg,fake
real/real_20_0.jpg,real
real/real_20_1.jpg,real
real/real_20_2.jpg,real
real/real_20_3.jpg,real
real/real_20_4.jpg,real
fake/fake_20_0.jpg,fake
fake/fake_20_1.jpg,fake
fake/fake_20_2.jpg,fake
fake/fake_20_3.jpg,fake
fake/fake_20_4.jpg,fake
real/real_21_0.jpg,real
real/real_21_1.jpg,real
real/real_21_2.jpg,real
real/real_21_3.jpg,real
real/real_21_4.jpg,real
fake/fake_21_0.jpg,fake
fake/fake_21_1.jpg,fake
fake/fake_21_2.jpg,fake
fake/fake_21_3.jpg,fake
fake/fake_21_4.jpg,fake
real/real_22_0.jpg,real
real/real_22_1.jpg,real
real/real_22_2.jpg,real
real/real_22_3.jpg,real
real/real_22_4.jpg,real
fake/fake_22_0.jpg,fake
fake/fake_22_1.jpg,fake
fake/fake_22_2.jpg,fake
fake/fake_22_3.jpg,fake
fake/fake_22_4.jpg,fake
real/real_23_0.jpg,real
real/real_23_1.jpg,real
real/real_23_2.jpg,real
real/real_23_3.jpg,real
real/real_23_4.jpg,real
fake/fake_23_0.jpg,fake
fake/fake_23_1.jpg,fake
fake/fake_23_2.jpg,fake
fake/fake_23_3.jpg,fake
fake/fake_23_4.jpg,fake
real/real_24_0.jpg,real
real/real_24_1.jpg,real
real/real_24_2.jpg,real
real/real_24_3.jpg,real
real/real_24_4.jpg,real
fake/fake_24_0.jpg,fake
fake/fake_24_1.jpg,fake
fake/fake_24_2.jpg,fake
fake/fake_24_3.jpg,fake
fake/fake_24_4.jpg,fake
real/real_25_0.jpg,real
real/real_25_1.jpg,real
real/real_25_2.jpg,real
real/real_25_3.jpg,real
real/real_25_4.jpg,real
fake/fake_25_0.jpg,fake
fake/fake_25_1.jpg,fake
fake/fake_25_2.jpg,fake
fake/fake_25_3.jpg,fake
fake/fake_25_4.jpg,fake
real/real_26_0.jpg,real
real/real_26_1.jpg,real
real/real_26_2.jpg,real
real/real_26_3.jpg,real
real/real_26_4.jpg,real
fake/fake_26_0.jpg,fake
fake/fake_26_1.jpg,fake
fake/fake_26_2.jpg,fake
fake/fake_26_3.jpg,fake
fake/fake_26_4.jpg,fake
real/real_27_0.jpg,real
real/real_27_1.jpg,real
real/real_27_2.jpg,real
real/real_27_3.jpg,real
real/real_27_4.jpg,real
fake/fake_27_0.jpg,fake
fake/fake_27_1.jpg,fake
fake/fake_27_2.jpg,fake
fake/fake_27_3.jpg,fake
fake/fake_27_4.jpg,fake
real/real_28_0.jpg,real
real/real_28_1.jpg,real
real/real_28_2.jpg,real
real/real_28_3.jpg,real
real/real_28_4.jpg,real
fake/fake_28_0.jpg,fake
fake/fake_28_1.jpg,fake
fake/fake_28_2.jpg,fake
fake/fake_28_3.jpg,fake
fake/fake_28_4.jpg,fake
real/real_29_0.jpg,real
real/real_29_1.jpg,real
real/real_29_2.jpg,real
real/real_29_3.jpg,real
real/real_29_4.jpg,real
fake/fake_29_0.jpg,fake
fake/fake_29_1.jpg,fake
fake/fake_29_2.jpg,fake
fake/fake_29_3.jpg,fake
fake/fake_29_4.jpg,fake
real/real_30_0.jpg,real
real/real_30_1.jpg,real
real/real_30_2.jpg,real
real/real_30_3.jpg,real
real/real_30_4.jpg,real
fake/fake_30_0.jpg,fake
fake/fake_30_1.jpg,fake
fake/fake_30_2.jpg,fake
fake/fake_30_3.jpg,fake
fake/fake_30_4.jpg,fake
real/real_31_0.jpg,real
real/real_31_1.jpg,real
real/real_31_2.jpg,real
real/real_31_3.jpg,real
real/real_31_4.jpg,real
fake/fake_31_0.jpg,fake
fake/fake_31_1.jpg,fake
fake/fake_31_2.jpg,fake
fake/fake_31_3.jpg,fake
fake/fake_31_4.jpg,fake
real/real_32_0.jpg,real
real/real_32_1.jpg,real
real/real_32_2.jpg,real
real/real_32_3.jpg,real
real/real_32_4.jpg,real
fake/fake_32_0.jpg,fake
fake/fake_32_1.jpg,fake
fake/fake_32_2.jpg,fake
fake/fake_32_3.jpg,fake
fake/fake_32_4.jpg,fake
real/real_33_0.jpg,real
real/real_33_1.jpg,real
real/real_33_2.jpg,real
real/real_33_3.jpg,real
real/real_33_4.jpg,real
fake/fake_33_0.jpg,fake
fake/fake_33_1.jpg,fake
fake/fake_33_2.jpg,fake
fake/fake_33_3.jpg,fake
fake/fake_33_4.jpg,fake
real/real_34_0.jpg,real
real/real_34_1.jpg,real
real/real_34_2.jpg,real
real/real_34_3.jpg,real
real/real_34_4.jpg,real
fake/fake_34_0.jpg,fake
fake/fake_34_1.jpg,fake
fake/fake_34_2.jpg,fake
fake/fake_34_3.jpg,fake
fake/fake_34_4.jpg,fake
real/real_35_0.jpg,real
real/real_35_1.jpg,real
real/real_35_2.jpg,real
real/real_35_3.jpg,real
real/real_35_4.jpg,real
fake/fake_35_0.jpg,fake
fake/fake_35_1.jpg,fake
fake/fake_35_2.jpg,fake
fake/fake_35_3.jpg,fake
fake/fake_35_4.jpg,fake
real/real_36_0.jpg,real
real/real_36_1.jpg,real
real/real_36_2.jpg,real
real/real_36_3.jpg,real
real/real_36_4.jpg,real
fake/fake_36_0.jpg,fake
fake/fake_36_1.jpg,fake
fake/fake_36_2.jpg,fake
fake/fake_36_3.jpg,fake
fake/fake_36_4.jpg,fake
real/real_37_0.jpg,real
real/real_37_1.jpg,real
real/real_37_2.jpg,real
real/real_37_3.jpg,real
real/real_37_4.jpg,real
fake/fake_37_0.jpg,fake
fake/fake_37_1.jpg,fake
fake/fake_37_2.jpg,fake
fake/fake_37_3.jpg,fake
fake/fake_37_4.jpg,fake
real/real_38_0.jpg,real
real/real_38_1.jpg,real
real/real_38_2.jpg,real
real/real_38_3.jpg,real
real/real_38_4.jpg,real
fake/fake_38_0.jpg,fake
fake/fake_38_1.jpg,fake
fake/fake_38_2.jpg,fake
fake/fake_38_3.jpg,fake
fake/fake_38_4.jpg,fake
real/real_39_0.jpg,real
real/real_39_1.jpg,real
real/real_39_2.jpg,real
real/real_39_3.jpg,real
real/real_39_4.jpg,real
fake/fake_39_0.jpg,fake
fake/fake_39_1.jpg,fake
fake/fake_39_2.jpg,fake
fake/fake_39_3.jpg,fake
fake/fake_39_4.jpg,fake
real/real_40_0.jpg,real
real/real_40_1.jpg,real
real/real_40_2.jpg,real
real/real_40_3.jpg,real
real/real_40_4.jpg,real
fake/fake_40_0.jpg,fake
fake/fake_40_1.jpg,fake
fake/fake_40_2.jpg,fake
fake/fake_40_3.jpg,fake
fake/fake_40_4.jpg,fake
real/real_41_0.jpg,real
real/real_41_1.jpg,real
real/real_41_2.jpg,real
real/real_41_3.jpg,real
real/real_41_4.jpg,real
fake/fake_41_0.jpg,fake
fake/fake_41_1.jpg,fake
fake/fake_41_2.jpg,fake
fake/fake_41_3.jpg,fake
fake/fake_41_4.jpg,fake
real/real_42_0.jpg,real
real/real_42_1.jpg,real
real/real_42_2.jpg,real
real/real_42_3.jpg,real
real/real_42_4.jpg,real
fake/fake_42_0.jpg,fake
fake/fake_42_1.jpg,fake
fake/fake_42_2.jpg,fake
fake/fake_42_3.jpg,fake
fake/fake_42_4.jpg,fake
real/real_43_0.jpg,real
real/real_43_1.jpg,real
real/real_43_2.jpg,real
real/real_43_3.jpg,real
real/real_43_4.jpg,real
fake/fake_43_0.jpg,fake
fake/fake_43_1.jpg,fake
fake/fake_43_2.jpg,fake
fake/fake_43_3.jpg,fake
fake/fake_43_4.jpg,fake
real/real_44_0.jpg,real
real/real_44_1.jpg,real
real/real_44_2.jpg,real
real/real_44_3.jpg,real
real/real_44_4.jpg,real
fake/fake_44_0.jpg,fake
fake/fake_44_1.jpg,fake
fake/fake_44_2.jpg,fake
fake/fake_44_3.jpg,fake
fake/fake_44_4.jpg,fake
real/real_45_0.jpg,real
real/real_45_1.jpg,real
real/real_45_2.jpg,real
real/real_45_3.jpg,real
real/real_45_4.jpg,real
fake/fake_45_0.jpg,fake
fake/fake_45_1.jpg,fake
fake/fake_45_2.jpg,fake
fake/fake_45_3.jpg,fake
fake/fake_45_4.jpg,fake
real/real_46_0.jpg,real
real/real_46_1.jpg,real
real/real_46_2.jpg,real
real/real_46_3.jpg,real
real/real_46_4.jpg,real
fake/fake_46_0.jpg,fake
fake/fake_46_1.jpg,fake
fake/fake_46_2.jpg,fake
fake/fake_46_3.jpg,fake
fake/fake_46_4.jpg,fake
real/real_47_0.jpg,real
real/real_47_1.jpg,real
real/real_47_2.jpg,real
real/real_47_3.jpg,real
real/real_47_4.jpg,real
fake/fake_47_0.jpg,fake
fake/fake_47_1.jpg,fake
fake/fake_47_2.jpg,fake
fake/fake_47_3.jpg,fake
fake/fake_47_4.jpg,fake
real/real_48_0.jpg,real
real/real_48_1.jpg,real
real/real_48_2.jpg,real
real/real_48_3.jpg,real
real/real_48_4.jpg,real
fake/fake_48_0.jpg,fake
fake/fake_48_1.jpg,fake
fake/fake_48_2.jpg,fake
fake/fake_48_3.jpg,fake
fake/fake_48_4.jpg,fake
real/real_49_0.jpg,real
real/real_49_1.jpg,real
real/real_49_2.jpg,real
real/real_49_3.jpg,real
real/real_49_4.jpg,real
fake/fake_49_0.jpg,fake
fake/fake_49_1.jpg,fake
fake/fake_49_2.jpg,fake
fake/fake_49_3.jpg,fake
fake/fake_49_4.jpg,fake
real/real_50_0.jpg,real
real/real_50_1.jpg,real
real/real_50_2.jpg,real
real/real_50_3.jpg,real
real/real_50_4.jpg,real
fake/fake_50_0.jpg,fake
fake/fake_50_1.jpg,fake
fake/fake_50_2.jpg,fake
fake/fake_50_3.jpg,fake
fake/fake_50_4.jpg,fake
real/real_51_0.jpg,real
real/real_51_1.jpg,real
real/real_51_2.jpg,real
real/real_51_3.jpg,real
real/real_51_4.jpg,real
fake/fake_51_0.jpg,fake
fake/fake_51_1.jpg,fake
fake/fake_51_2.jpg,fake
fake/fake_51_3.jpg,fake
fake/fake_51_4.jpg,fake
real/real_52_0.jpg,real
real/real_52_1.jpg,real
real/real_52_2.jpg,real
real/real_52_3.jpg,real
real/real_52_4.jpg,real
fake/fake_52_0.jpg,fake
fake/fake_52_1.jpg,fake
fake/fake_52_2.jpg,fake
fake/fake_52_3.jpg,fake
fake/fake_52_4.jpg,fake
real/real_53_0.jpg,real
real/real_53_1.jpg,real
real/real_53_2.jpg,real
real/real_53_3.jpg,real
real/real_53_4.jpg,real
fake/fake_53_0.jpg,fake
fake/fake_53_1.jpg,fake
fake/fake_53_2.jpg,fake
fake/fake_53_3.jpg,fake
fake/fake_53_4.jpg,fake
real/real_54_0.jpg,real
real/real_54_1.jpg,real
real/real_54_2.jpg,real
real/real_54_3.jpg,real
real/real_54_4.jpg,real
fake/fake_54_0.jpg,fake
fake/fake_54_1.jpg,fake
fake/fake_54_2.jpg,fake
fake/fake_54_3.jpg,fake
fake/fake_54_4.jpg,fake
real/real_55_0.jpg,real
real/real_55_1.jpg,real
real/real_55_2.jpg,real
real/real_55_3.jpg,real
real/real_55_4.jpg,real
fake/fake_55_0.jpg,fake
fake/fake_55_1.jpg,fake
fake/fake_55_2.jpg,fake
fake/fake_55_3.jpg,fake
fake/fake_55_4.jpg,fake
real/real_56_0.jpg,real
real/real_56_1.jpg,real
real/real_56_2.jpg,real
real/real_56_3.jpg,real
real/real_56_4.jpg,real
fake/fake_56_0.jpg,fake
fake/fake_56_1.jpg,fake
fake/fake_56_2.jpg,fake
fake/fake_56_3.jpg,fake
fake/fake_56_4.jpg,fake
real/real_57_0.jpg,real
real/real_57_1.jpg,real
real/real_57_2.jpg,real
real/real_57_3.jpg,real
real/real_57_4.jpg,real
fake/fake_57_0.jpg,fake
fake/fake_57_1.jpg,fake
fake/fake_57_2.jpg,fake
fake/fake_57_3.jpg,fake
fake/fake_57_4.jpg,fake
real/real_58_0.jpg,real
real/real_58_1.jpg,real
real/real_58_2.jpg,real
real/real_58_3.jpg,real
real/real_58_4.jpg,real
fake/fake_58_0.jpg,fake
fake/fake_58_1.jpg,fake
fake/fake_58_2.jpg,fake
fake/fake_58_3.jpg,fake
fake/fake_58_4.jpg,fake
real/real_59_0.jpg,real
real/real_59_1.jpg,real
real/real_59_2.jpg,real
real/real_59_3.jpg,real
real/real_59_4.jpg,real
fake/fake_59_0.jpg,fake
fake/fake_59_1.jpg,fake
fake/fake_59_2.jpg,fake
fake/fake_59_3.jpg,fake
fake/fake_59_4.jpg,fake
real/real_60_0.jpg,real
real/real_60_1.jpg,real
real/real_60_2.jpg,real
real/real_60_3.jpg,real
real/real_60_4.jpg,real
fake/fake_60_0.jpg,fake
fake/fake_60_1.jpg,fake
fake/fake_60_2.jpg,fake
fake/fake_60_3.jpg,fake
fake/fake_60_4.jpg,fake
real/real_61_0.jpg,real
real/real_61_1.jpg,real
real/real_61_2.jpg,real
real/real_61_3.jpg,real
real/real_61_4.jpg,real
fake/fake_61_0.jpg,fake
fake/fake_61_1.jpg,fake
fake/fake_61_2.jpg,fake
fake/fake_61_3.jpg,fake
fake/fake_61_4.jpg,fake
real/real_62_0.jpg,real
real/real_62_1.jpg,real
real/real_62_2.jpg,real
real/real_62_3.jpg,real
real/real_62_4.jpg,real
fake/fake_62_0.jpg,fake
fake/fake_62_1.jpg,fake
fake/fake_62_2.jpg,fake
fake/fake_62_3.jpg,fake
fake/fake_62_4.jpg,fake
real/real_63_0.jpg,real
real/real_63_1.jpg,real
real/real_63_2.jpg,real
real/real_63_3.jpg,real
real/real_63_4.jpg,real
fake/fake_63_0.jpg,fake
fake/fake_63_1.jpg,fake
fake/fake_63_2.jpg,fake
fake/fake_63_3.jpg,fake
fake/fake_63_4.jpg,fake
real/real_64_0.jpg,real
real/real_64_1.jpg,real
real/real_64_2.jpg,real
real/real_64_3.jpg,real
real/real_64_4.jpg,real
fake/fake_64_0.jpg,fake
fake/fake_64_1.jpg,fake
fake/fake_64_2.jpg,fake
fake/fake_64_3.jpg,fake
fake/fake_64_4.jpg,fake
real/real_65_0.jpg,real
real/real_65_1.jpg,real
real/real_65_2.jpg,real
real/real_65_3.jpg,real
real/real_65_4.jpg,real
fake/fake_65_0.jpg,fake
fake/fake_65_1.jpg,fake
fake/fake_65_2.jpg,fake
fake/fake_65_3.jpg,fake
fake/fake_65_4.jpg,fake
real/real_66_0.jpg,real
real/real_66_1.jpg,real
real/real_66_2.jpg,real
real/real_66_3.jpg,real
real/real_66_4.jpg,real
fake/fake_66_0.jpg,fake
fake/fake_66_1.jpg,fake
fake/fake_66_2.jpg,fake
fake/fake_66_3.jpg,fake
fake/fake_66_4.jpg,fake
real/real_67_0.jpg,real
real/real_67_1.jpg,real
real/real_67_2.jpg,real
real/real_67_3.jpg,real
real/real_67_4.jpg,real
fake/fake_67_0.jpg,fake
fake/fake_67_1.jpg,fake
fake/fake_67_2.jpg,fake
fake/fake_67_3.jpg,fake
fake/fake_67_4.jpg,fake
real/real_68_0.jpg,real
real/real_68_1.jpg,real
real/real_68_2.jpg,real
real/real_68_3.jpg,real
real/real_68_4.jpg,real
fake/fake_68_0.jpg,fake
fake/fake_68_1.jpg,fake
fake/fake_68_2.jpg,fake
fake/fake_68_3.jpg,fake
fake/fake_68_4.jpg,fake
real/real_69_0.jpg,real
real/real_69_1.jpg,real
real/real_69_2.jpg,real
real/real_69_3.jpg,real
real/real_69_4.jpg,real
fake/fake_69_0.jpg,fake
fake/fake_69_1.jpg,fake
fake/fake_69_2.jpg,fake
fake/fake_69_3.jpg,fake
fake/fake_69_4.jpg,fake
real/real_70_0.jpg,real
real/real_70_1.jpg,real
real/real_70_2.jpg,real
real/real_70_3.jpg,real
real/real_70_4.jpg,real
fake/fake_70_0.jpg,fake
fake/fake_70_1.jpg,fake
fake/fake_70_2.jpg,fake
fake/fake_70_3.jpg,fake
fake/fake_70_4.jpg,fake
real/real_71_0.jpg,real
real/real_71_1.jpg,real
real/real_71_2.jpg,real
real/real_71_3.jpg,real
real/real_71_4.jpg,real
fake/fake_71_0.jpg,fake
fake/fake_71_1.jpg,fake
fake/fake_71_2.jpg,fake
fake/fake_71_3.jpg,fake
fake/fake_71_4.jpg,fake
real/real_72_0.jpg,real
real/real_72_1.jpg,real
real/real_72_2.jpg,real
real/real_72_3.jpg,real
real/real_72_4.jpg,real
fake/fake_72_0.jpg,fake
fake/fake_72_1.jpg,fake
fake/fake_72_2.jpg,fake
fake/fake_72_3.jpg,fake
fake/fake_72_4.jpg,fake
real/real_73_0.jpg,real
real/real_73_1.jpg,real
real/real_73_2.jpg,real
real/real_73_3.jpg,real
real/real_73_4.jpg,real
fake/fake_73_0.jpg,fake
fake/fake_73_1.jpg,fake
fake/fake_73_2.jpg,fake
fake/fake_73_3.jpg,fake
fake/fake_73_4.jpg,fake
real/real_74_0.jpg,real
real/real_74_1.jpg,real
real/real_74_2.jpg,real
real/real_74_3.jpg,real
real/real_74_4.jpg,real
fake/fake_74_0.jpg,fake
fake/fake_74_1.jpg,fake
fake/fake_74_2.jpg,fake
fake/fake_74_3.jpg,fake
fake/fake_74_4.jpg,fake
real/real_75_0.jpg,real
real/real_75_1.jpg,real
real/real_75_2.jpg,real
real/real_75_3.jpg,real
real/real_75_4.jpg,real
fake/fake_75_0.jpg,fake
fake/fake_75_1.jpg,fake
fake/fake_75_2.jpg,fake
fake/fake_75_3.jpg,fake
fake/fake_75_4.jpg,fake
real/real_76_0.jpg,real
real/real_76_1.jpg,real
real/real_76_2.jpg,real
real/real_76_3.jpg,real
real/real_76_4.jpg,real
fake/fake_76_0.jpg,fake
fake/fake_76_1.jpg,fake
fake/fake_76_2.jpg,fake
fake/fake_76_3.jpg,fake
fake/fake_76_4.jpg,fake
real/real_77_0.jpg,real
real/real_77_1.jpg,real
real/real_77_2.jpg,real
real/real_77_3.jpg,real
real/real_77_4.jpg,real
fake/fake_77_0.jpg,fake
fake/fake_77_1.jpg,fake
fake/fake_77_2.jpg,fake
fake/fake_77_3.jpg,fake
fake/fake_77_4.jpg,fake
real/real_78_0.jpg,real
real/real_78_1.jpg,real
real/real_78_2.jpg,real
real/real_78_3.jpg,real
real/real_78_4.jpg,real
fake/fake_78_0.jpg,fake
fake/fake_78_1.jpg,fake
fake/fake_78_2.jpg,fake
fake/fake_78_3.jpg,fake
fake/fake_78_4.jpg,fake
real/real_79_0.jpg,real
real/real_79_1.jpg,real
real/real_79_2.jpg,real
real/real_79_3.jpg,real
real/real_79_4.jpg,real
fake/fake_79_0.jpg,fake
fake/fake_79_1.jpg,fake
fake/fake_79_2.jpg,fake
fake/fake_79_3.jpg,fake
fake/fake_79_4.jpg,fake
real/real_80_0.jpg,real
real/real_80_1.jpg,real
real/real_80_2.jpg,real
real/real_80_3.jpg,real
real/real_80_4.jpg,real
fake/fake_80_0.jpg,fake
fake/fake_80_1.jpg,fake
fake/fake_80_2.jpg,fake
fake/fake_80_3.jpg,fake
fake/fake_80_4.jpg,fake
real/real_81_0.jpg,real
real/real_81_1.jpg,real
real/real_81_2.jpg,real
real/real_81_3.jpg,real
real/real_81_4.jpg,real
fake/fake_81_0.jpg,fake
fake/fake_81_1.jpg,fake
fake/fake_81_2.jpg,fake
fake/fake_81_3.jpg,fake
fake/fake_81_4.jpg,fake
real/real_82_0.jpg,real
real/real_82_1.jpg,real
real/real_82_2.jpg,real
real/real_82_3.jpg,real
real/real_82_4.jpg,real
fake/fake_82_0.jpg,fake
fake/fake_82_1.jpg,fake
fake/fake_82_2.jpg,fake
fake/fake_82_3.jpg,fake
fake/fake_82_4.jpg,fake
real/real_83_0.jpg,real
real/real_83_1.jpg,real
real/real_83_2.jpg,real
real/real_83_3.jpg,real
real/real_83_4.jpg,real
fake/fake_83_0.jpg,fake
fake/fake_83_1.jpg,fake
fake/fake_83_2.jpg,fake
fake/fake_83_3.jpg,fake
fake/fake_83_4.jpg,fake
real/real_84_0.jpg,real
real/real_84_1.jpg,real
real/real_84_2.jpg,real
real/real_84_3.jpg,real
real/real_84_4.jpg,real
fake/fake_84_0.jpg,fake
fake/fake_84_1.jpg,fake
fake/fake_84_2.jpg,fake
fake/fake_84_3.jpg,fake
fake/fake_84_4.jpg,fake
real/real_85_0.jpg,real
real/real_85_1.jpg,real
real/real_85_2.jpg,real
real/real_85_3.jpg,real
real/real_85_4.jpg,real
fake/fake_85_0.jpg,fake
fake/fake_85_1.jpg,fake
fake/fake_85_2.jpg,fake
fake/fake_85_3.jpg,fake
fake/fake_85_4.jpg,fake
real/real_86_0.jpg,real
real/real_86_1.jpg,real
real/real_86_2.jpg,real
real/real_86_3.jpg,real
real/real_86_4.jpg,real
fake/fake_86_0.jpg,fake
fake/fake_86_1.jpg,fake
fake/fake_86_2.jpg,fake
fake/fake_86_3.jpg,fake
fake/fake_86_4.jpg,fake
real/real_87_0.jpg,real
real/real_87_1.jpg,real
real/real_87_2.jpg,real
real/real_87_3.jpg,real
real/real_87_4.jpg,real
fake/fake_87_0.jpg,fake
fake/fake_87_1.jpg,fake
fake/fake_87_2.jpg,fake
fake/fake_87_3.jpg,fake
fake/fake_87_4.jpg,fake
real/real_88_0.jpg,real
real/real_88_1.jpg,real
real/real_88_2.jpg,real
real/real_88_3.jpg,real
real/real_88_4.jpg,real
fake/fake_88_0.jpg,fake
fake/fake_88_1.jpg,fake
fake/fake_88_2.jpg,fake
fake/fake_88_3.jpg,fake
fake/fake_88_4.jpg,fake
real/real_89_0.jpg,real
real/real_89_1.jpg,real
real/real_89_2.jpg,real
real/real_89_3.jpg,real
real/real_89_4.jpg,real
fake/fake_89_0.jpg,fake
fake/fake_89_1.jpg,fake
fake/fake_89_2.jpg,fake
fake/fake_89_3.jpg,fake
fake/fake_89_4.jpg,fake
real/real_90_0.jpg,real
real/real_90_1.jpg,real
real/real_90_2.jpg,real
real/real_90_3.jpg,real
real/real_90_4.jpg,real
fake/fake_90_0.jpg,fake
fake/fake_90_1.jpg,fake
fake/fake_90_2.jpg,fake
fake/fake_90_3.jpg,fake
fake/fake_90_4.jpg,fake
real/real_91_0.jpg,real
real/real_91_1.jpg,real
real/real_91_2.jpg,real
real/real_91_3.jpg,real
real/real_91_4.jpg,real
fake/fake_91_0.jpg,fake
fake/fake_91_1.jpg,fake
fake/fake_91_2.jpg,fake
fake/fake_91_3.jpg,fake
fake/fake_91_4.jpg,fake
real/real_92_0.jpg,real
real/real_92_1.jpg,real
real/real_92_2.jpg,real
real/real_92_3.jpg,real
real/real_92_4.jpg,real
fake/fake_92_0.jpg,fake
fake/fake_92_1.jpg,fake
fake/fake_92_2.jpg,fake
fake/fake_92_3.jpg,fake
fake/fake_92_4.jpg,fake
real/real_93_0.jpg,real
real/real_93_1.jpg,real
real/real_93_2.jpg,real
real/real_93_3.jpg,real
real/real_93_4.jpg,real
fake/fake_93_0.jpg,fake
fake/fake_93_1.jpg,fake
fake/fake_93_2.jpg,fake
fake/fake_93_3.jpg,fake
fake/fake_93_4.jpg,fake
real/real_94_0.jpg,real
real/real_94_1.jpg,real
real/real_94_2.jpg,real
real/real_94_3.jpg,real
real/real_94_4.jpg,real
fake/fake_94_0.jpg,fake
fake/fake_94_1.jpg,fake
fake/fake_94_2.jpg,fake
fake/fake_94_3.jpg,fake
fake/fake_94_4.jpg,fake
real/real_95_0.jpg,real
real/real_95_1.jpg,real
real/real_95_2.jpg,real
real/real_95_3.jpg,real
real/real_95_4.jpg,real
fake/fake_95_0.jpg,fake
fake/fake_95_1.jpg,fake
fake/fake_95_2.jpg,fake
fake/fake_95_3.jpg,fake
fake/fake_95_4.jpg,fake
real/real_96_0.jpg,real
real/real_96_1.jpg,real
real/real_96_2.jpg,real
real/real_96_3.jpg,real
real/real_96_4.jpg,real
fake/fake_96_0.jpg,fake
fake/fake_96_1.jpg,fake
fake/fake_96_2.jpg,fake
fake/fake_96_3.jpg,fake
fake/fake_96_4.jpg,fake
real/real_97_0.jpg,real
real/real_97_1.jpg,real
real/real_97_2.jpg,real
real/real_97_3.jpg,real
real/real_97_4.jpg,real
fake/fake_97_0.jpg,fake
fake/fake_97_1.jpg,fake
fake/fake_97_2.jpg,fake
fake/fake_97_3.jpg,fake
fake/fake_97_4.jpg,fake
real/real_98_0.jpg,real
real/real_98_1.jpg,real
real/real_98_2.jpg,real
real/real_98_3.jpg,real
real/real_98_4.jpg,real
fake/fake_98_0.jpg,fake
fake/fake_98_1.jpg,fake
fake/fake_98_2.jpg,fake
fake/fake_98_3.jpg,fake
fake/fake_98_4.jpg,fake
real/real_99_0.jpg,real
real/real_99_1.jpg,real
real/real_99_2.jpg,real
real/real_99_3.jpg,real
real/real_99_4.jpg,real
fake/fake_99_0.jpg,fake
fake/fake_99_1.jpg,fake
fake/fake_99_2.jpg,fake
fake/fake_99_3.jpg,fake
fake/fake_99_4.jpg,fake
